Model,Train Accuracy,Test Accuracy,Test Precision,Test Recall,Test F1-Score,Test ROC-AUC
GaussianNB,0.9422110552763819,0.935672514619883,0.9356385250259279,0.935672514619883,0.9353452448325115,0.9891939252336449
MultinomialNB,0.8467336683417085,0.7777777777777778,0.7755755755755755,0.7777777777777778,0.776232284370787,0.8779205607476636
BernoulliNB,0.9321608040201005,0.9415204678362573,0.9421381737171212,0.9415204678362573,0.9416944635415341,0.9883177570093458
Decision Tree,0.9798994974874372,0.9239766081871345,0.9238145039698104,0.9239766081871345,0.9235898348020589,0.9186623831775702
LDA,0.9723618090452262,0.935672514619883,0.9392527819025097,0.935672514619883,0.9345380509217297,0.985251168224299
SVM,0.9824120603015075,0.9766081871345029,0.9766081871345029,0.9766081871345029,0.9766081871345029,0.9978095794392523
KNN,1.0,0.9590643274853801,0.9615779214117164,0.9590643274853801,0.9585285402904317,0.985616238317757
Neural Network,0.9842767119407654,0.9649122953414917,0.9719626307487488,0.9719626307487488,0.9719626307487488,0.9951810240745544
